,count,unique,top,freq,first,last,mean,std,min,25%,50%,75%,max
F_Bout_URL,5123,5123,http://www.fightmetric.com/fight-details/144c4e65599288c3,1,,,,,,,,,
T_Bout_URL,5123,5123,https://www.tapology.com/fightcenter/bouts/23650-wec-51-mike-brown-vs-cole-province,1,,,,,,,,,
Event_Date,5123,479,2016-11-19 00:00:00,25,2008-01-19 00:00:00,2018-12-29 00:00:00,,,,,,,
FO,5092,3,Fighter_1,3373,,,,,,,,,
F1_URL,5123,1422,http://www.fightmetric.com/fighter-details/1d00756835ca67c9,28,,,,,,,,,
F1_T_ID,5123,1422,donald-cerrone-cowboy,28,,,,,,,,,
F1_BFO_URL,4644,1157,https://www.bestfightodds.com/fighters/Donald-Cerrone-220,28,,,,,,,,,
F2_URL,5123,1883,http://www.fightmetric.com/fighter-details/18968f97ad34f15c,18,,,,,,,,,
F2_T_ID,5123,1883,jeremy-stephens-lil-heathen,18,,,,,,,,,
F2_BFO_URL,4477,1438,https://www.bestfightodds.com/fighters/Jeremy-Stephens-210,18,,,,,,,,,
F1_DOB,5017,1211,1984-07-31 00:00:00,33,1961-12-13 00:00:00,1998-05-18 00:00:00,,,,,,,
F1_Reach,4791.0,,,,,,183.5808808182008,10.426523996413996,155.0,178.0,183.0,191.0,215.0
F1_Height,5099.0,,,,,,178.7850558933124,8.560660033416951,152.0,173.0,178.0,185.0,219.0
F2_DOB,4921,1527,1984-08-28 00:00:00,20,1963-06-22 00:00:00,1997-12-02 00:00:00,,,,,,,
F2_Reach,4505.0,,,,,,183.35826859045505,10.243524082750145,154.0,178.0,183.0,191.0,215.0
F2_Height,5067.0,,,,,,178.90171699230314,8.444227922533347,152.0,173.0,178.0,185.0,219.0
F1_Age,5017.0,,,,,,30.0198737989466,4.085145332301862,19.345205479452055,27.112328767123287,29.832876712328765,32.68219178082192,48.942465753424656
F2_Age,4921.0,,,,,,29.691353522644075,4.025450542292753,19.054794520547944,26.854794520547944,29.39178082191781,32.1945205479452,47.88767123287671
F1_Pro_start,5123,973,2006-02-11 00:00:00,43,1993-09-21 00:00:00,2017-06-23 00:00:00,,,,,,,
F2_Pro_start,5123,1182,2005-07-30 00:00:00,28,1992-01-01 00:00:00,2017-10-21 00:00:00,,,,,,,
F1_Exp,5123.0,,,,,,7.084920276272197,3.59113910234444,-0.3835616438356164,4.456164383561644,6.698630136986301,9.32054794520548,21.5972602739726
F2_Exp,5123.0,,,,,,6.481900320606238,3.3941164042889502,-0.0027397260273972603,4.045205479452054,5.964383561643835,8.457534246575342,21.86027397260274
F1_Prev_Bout_Date,4671,725,2010-09-25 00:00:00,21,2008-03-01 00:00:00,2019-03-30 00:00:00,,,,,,,
F2_Prev_Bout_Date,4602,905,2016-11-19 00:00:00,24,2008-02-16 00:00:00,2019-01-12 00:00:00,,,,,,,
F1_Days_Inact,4671.0,,,,,,-192.81160351102548,159.13444695584334,-3087.0,-224.0,-154.0,-112.0,0.0
F2_Days_Inact,4602.0,,,,,,-213.3754889178618,196.66129207972483,-3109.0,-238.0,-167.0,-119.0,0.0
F1_cum_Win,5120.0,,,,,,4.0630859375,4.2616747990236,0.0,1.0,3.0,6.0,30.0
F1_cum_Loss,5120.0,,,,,,3.2287109375,2.821137372733324,0.0,1.0,3.0,5.0,19.0
F1_cum_Bouts,5120.0,,,,,,7.4505859375,6.4930199534033095,0.0,2.0,6.0,11.0,54.0
F2_cum_Win,5122.0,,,,,,3.5972276454509955,3.920616316950488,0.0,1.0,2.0,5.0,36.0
F2_cum_Loss,5122.0,,,,,,2.9996095275283094,2.7266968750271037,0.0,1.0,2.0,4.0,21.0
F2_cum_Bouts,5122.0,,,,,,6.752245216712222,6.159289578490238,0.0,2.0,5.0,10.0,60.0
F1_Win_PCT,4664.0,,,,,,0.5019523458465184,0.2760266726716642,0.0,0.3333333333333333,0.5,0.6666666666666666,1.0
F2_Win_PCT,4595.0,,,,,,0.4910073835783268,0.27846303745522294,0.0,0.3333333333333333,0.5,0.6666666666666666,1.0
FM_F1_5yr_T_num_bouts,4883.0,,,,,,4.5830432111406925,3.808856730030428,0.0,1.0,4.0,7.0,20.0
FM_F1_5yr_T_SStr_A,4883.0,,,,,,363.70550890845794,387.82555631449213,0.0,67.0,238.0,542.5,2483.0
FM_F1_5yr_T_SStr_L,4883.0,,,,,,155.7171820602089,163.79436905951715,0.0,29.5,104.0,232.0,1205.0
FM_F1_5yr_T_SStr_PCT,4242.0,,,,,,0.44563122072247857,0.11426398648994192,0.0,0.3761163432654055,0.4393939393939394,0.5044510385756676,1.0
FM_F1_5yr_T_SStr_A_VS,4883.0,,,,,,336.0129019045669,352.435512240521,0.0,61.0,220.0,512.0,2021.0
FM_F1_5yr_T_SStr_L_VS,4883.0,,,,,,132.8326848249027,137.72156801197988,0.0,25.0,91.0,200.5,812.0
FM_F1_5yr_T_SStr_PCT_VS,4240.0,,,,,,0.41081999160772303,0.11349120471022774,0.0,0.34146341463414637,0.4069096887531348,0.4745762711864407,1.0
FM_F1_5yr_T_SStr_PCT_Def,4240.0,,,,,,0.589180008392277,0.11349120471022774,0.0,0.5254237288135593,0.5930903112468653,0.6585365853658536,1.0
FM_F1_5yr_T_Str_A,4883.0,,,,,,464.5560106491911,467.97589886170573,0.0,100.0,318.0,707.5,2713.0
FM_F1_5yr_T_Str_L,4883.0,,,,,,245.03358591030104,245.20373711254808,0.0,52.0,173.0,376.0,1437.0
FM_F1_5yr_T_Str_PCT,4243.0,,,,,,0.5417278559735033,0.12929037304469748,0.0,0.45920876878185246,0.5357142857142857,0.624921972534332,1.0
FM_F1_5yr_T_Str_A_VS,4883.0,,,,,,421.02928527544543,412.03026581204756,0.0,88.0,296.0,654.0,2374.0
FM_F1_5yr_T_Str_L_VS,4883.0,,,,,,208.28158918697522,198.48114163200808,0.0,44.0,153.0,325.5,1189.0
FM_F1_5yr_T_Str_PCT_VS,4241.0,,,,,,0.5122177004363095,0.1317438263519348,0.0,0.4270833333333333,0.5100182149362478,0.5964912280701754,1.0
FM_F1_5yr_T_Str_PCT_Def,4241.0,,,,,,0.48778229956369046,0.1317438263519348,0.0,0.4035087719298246,0.48998178506375223,0.5729166666666667,1.0
FM_F1_5yr_T_TD_A,4883.0,,,,,,14.193118984231006,18.243936823136888,0.0,1.0,7.0,20.0,119.0
FM_F1_5yr_T_TD_L,4883.0,,,,,,5.943886954740938,7.853646765583347,0.0,0.0,3.0,9.0,63.0
FM_F1_5yr_T_TD_PCT,3798.0,,,,,,0.4516976051783801,0.2554553598324525,0.0,0.2962962962962963,0.42857142857142855,0.5833333333333334,1.0
FM_F1_5yr_T_TD_A_VS,4883.0,,,,,,13.318246979315994,15.377187492019335,0.0,1.0,8.0,20.0,93.0
FM_F1_5yr_T_TD_L_VS,4883.0,,,,,,4.577104239197215,5.766338493165986,0.0,0.0,3.0,7.0,39.0
FM_F1_5yr_T_TD_PCT_VS,3896.0,,,,,,0.37701110983525815,0.26158547197320414,0.0,0.2,0.34330357142857143,0.5,1.0
FM_F1_5yr_T_TD_PCT_Def,3896.0,,,,,,0.6229888901647419,0.26158547197320414,0.0,0.5,0.6566964285714285,0.8,1.0
FM_F1_5yr_T_SUB_A,4883.0,,,,,,2.4593487610075773,3.781211251312255,0.0,0.0,1.0,3.0,39.0
FM_F1_5yr_T_Bout_Min,4883.0,,,,,,47.87651375520513,44.65954928996021,0.0,13.633333333333333,34.983333333333334,74.875,255.5833333333333
FM_F1_5yr_T_SStr_A_pM,4244.0,,,,,,7.627488197818723,4.051855971724636,0.0,5.377359237630377,7.0112524871505535,9.185043144774687,81.42857142857171
FM_F1_5yr_T_SStr_L_pM,4244.0,,,,,,3.3749723079464564,2.3572515065272044,0.0,2.293501455742385,3.0769230769230775,3.995362761032953,56.0
FM_F1_5yr_T_SStr_A_pM_VS,4244.0,,,,,,7.027978993714613,3.4955742973654664,0.0,4.8,6.527135302601357,8.660861689647673,59.999999999999815
FM_F1_5yr_T_SStr_L_pM_VS,4244.0,,,,,,2.864048468558816,1.789161488126368,0.0,1.8996736785686554,2.6215203196150876,3.4603793291614897,44.99999999999986
FM_F1_5yr_T_Str_A_pM,4244.0,,,,,,9.854187599755827,4.284698830161172,0.0,7.3513196506595015,9.251299163786964,11.608084300259652,81.42857142857171
FM_F1_5yr_T_Str_L_pM,4244.0,,,,,,5.340614819887782,2.9483466797153692,0.0,3.8092180167857275,4.86233688884076,6.170801545528023,60.0
FM_F1_5yr_T_Str_A_pM_VS,4244.0,,,,,,8.948145511876724,3.595481642646758,0.0,6.777559559388608,8.588787106010782,10.561990025836689,59.999999999999815
FM_F1_5yr_T_Str_L_pM_VS,4244.0,,,,,,4.563165399493831,2.288139225312795,0.0,3.2956951321626256,4.252235067076782,5.4176528569603235,44.99999999999986
FM_F1_5yr_T_TD_A_pM,4244.0,,,,,,0.2926726889089117,0.25575293658619663,0.0,0.10218083684622396,0.24634335725265313,0.4248200741298992,2.727272727272728
FM_F1_5yr_T_TD_L_pM,4244.0,,,,,,0.12745839453792385,0.13588392400684837,0.0,0.0337624816644811,0.1,0.18456043410900042,2.2222222222222223
FM_F1_5yr_T_TD_A_pM_VS,4244.0,,,,,,0.28760125024169503,0.24621070951642274,0.0,0.12878991454697614,0.25024331143602885,0.39188249926836405,3.75
FM_F1_5yr_T_TD_L_pM_VS,4244.0,,,,,,0.10580180747437501,0.12233650297403538,0.0,0.030380392678261942,0.07767493074165505,0.14572205160217871,2.2222222222222223
FM_F1_5yr_T_SStr_PCT_OQA,3122.0,,,,,,0.26127391585933984,0.0714417204124811,0.03085106382978725,0.21606910571048923,0.2574524352364188,0.2998582123411978,1.0
FM_F1_5yr_T_TD_PCT_OQA,1120.0,,,,,,0.36360005169436616,0.16228455378949821,0.01999999999999999,0.25,0.34661764705882353,0.4470893131059852,1.0
FM_F2_5yr_T_num_bouts,4883.0,,,,,,3.3086217489248413,3.422517042388905,0.0,1.0,2.0,5.0,18.0
FM_F2_5yr_T_SStr_A,4883.0,,,,,,258.4257628507065,333.4018111606127,0.0,0.0,133.0,385.0,2649.0
FM_F2_5yr_T_SStr_L,4883.0,,,,,,110.65144378455868,141.46390280299744,0.0,0.0,58.0,167.0,1267.0
FM_F2_5yr_T_SStr_PCT,3659.0,,,,,,0.43986875158147065,0.11787846324668923,0.0,0.37325566301032,0.43656207366984995,0.5005464116433652,1.0
FM_F2_5yr_T_SStr_A_VS,4883.0,,,,,,240.21544132705304,301.70347624444975,0.0,1.0,126.0,361.0,1998.0
FM_F2_5yr_T_SStr_L_VS,4883.0,,,,,,96.43231619905795,118.35512907928403,0.0,0.0,54.0,141.5,807.0
FM_F2_5yr_T_SStr_PCT_VS,3664.0,,,,,,0.42407075526238097,0.11963901828035699,0.0,0.35242188565970806,0.4148148148148148,0.4884164743475945,1.0
FM_F2_5yr_T_SStr_PCT_Def,3664.0,,,,,,0.575929244737619,0.11963901828035699,0.0,0.5115835256524055,0.5851851851851853,0.647578114340292,1.0
FM_F2_5yr_T_Str_A,4883.0,,,,,,331.1175506860537,407.4118856853426,0.0,0.0,182.0,503.0,2971.0
FM_F2_5yr_T_Str_L,4883.0,,,,,,174.86893303297154,214.03173549998377,0.0,0.0,99.0,264.5,1527.0
FM_F2_5yr_T_Str_PCT,3661.0,,,,,,0.5383183205004567,0.1322643436302001,0.0,0.4567901234567901,0.5353260869565217,0.6209677419354839,1.0
FM_F2_5yr_T_Str_A_VS,4883.0,,,,,,303.8996518533688,360.313737052656,0.0,1.0,173.0,461.5,2299.0
FM_F2_5yr_T_Str_L_VS,4883.0,,,,,,152.72230186360844,176.32313605520486,0.0,0.0,92.0,234.0,986.0
FM_F2_5yr_T_Str_PCT_VS,3664.0,,,,,,0.5239977939850281,0.136908883360369,0.0,0.43507211538461543,0.5198753139940038,0.6083045314900154,1.0
FM_F2_5yr_T_Str_PCT_Def,3664.0,,,,,,0.4760022060149719,0.13690888336036902,0.0,0.3916954685099846,0.4801246860059963,0.5649278846153846,1.0
FM_F2_5yr_T_TD_A,4883.0,,,,,,9.613557239402008,14.789675130895112,0.0,0.0,3.0,13.0,121.0
FM_F2_5yr_T_TD_L,4883.0,,,,,,4.053450747491296,6.453645403271907,0.0,0.0,1.0,5.0,52.0
FM_F2_5yr_T_TD_PCT,3213.0,,,,,,0.440987556228327,0.27391675723794073,0.0,0.2708333333333333,0.42857142857142855,0.5833333333333334,1.0
FM_F2_5yr_T_TD_A_VS,4883.0,,,,,,10.01556420233463,13.66585509499464,0.0,0.0,4.0,15.0,99.0
FM_F2_5yr_T_TD_L_VS,4883.0,,,,,,3.536964980544747,5.087197017884543,0.0,0.0,2.0,5.0,37.0
FM_F2_5yr_T_TD_PCT_VS,3286.0,,,,,,0.3934911924778781,0.2689469378726702,0.0,0.2,0.36363636363636365,0.5294117647058824,1.0
FM_F2_5yr_T_TD_PCT_Def,3286.0,,,,,,0.6065088075221219,0.2689469378726702,0.0,0.47058823529411764,0.6363636363636364,0.8,1.0
FM_F2_5yr_T_SUB_A,4883.0,,,,,,1.7407331558468155,3.077909829334469,0.0,0.0,0.0,2.0,27.0
FM_F2_5yr_T_Bout_Min,4883.0,,,,,,33.99010853983207,38.52969433248094,-5.329070518200751e-15,0.13333333333333353,19.41666666666667,52.78333333333333,220.41666666666663
FM_F2_5yr_T_SStr_A_pM,3667.0,,,,,,7.386111467773036,3.5831548461311926,0.0,5.1780321440858925,6.933333333333334,9.149887079519793,62.7272727272728
FM_F2_5yr_T_SStr_L_pM,3667.0,,,,,,3.231820357576561,1.8889290093007463,0.0,2.1739745011086473,3.0,4.0,30.000000000000036
FM_F2_5yr_T_SStr_A_pM_VS,3667.0,,,,,,6.981064964999793,3.4595954669751743,-0.0,4.841033566899642,6.533333333333333,8.600341296928327,81.42857142857144
FM_F2_5yr_T_SStr_L_pM_VS,3667.0,,,,,,2.9299067101163847,1.7839400348303978,0.0,1.93737002575533,2.7,3.592069442584906,47.14285714285715
FM_F2_5yr_T_Str_A_pM,3667.0,,,,,,9.581519324275554,3.822174156734166,0.0,7.2612991649136225,9.150227617602427,11.504574047529923,62.7272727272728
FM_F2_5yr_T_Str_L_pM,3667.0,,,,,,5.163980718798384,2.5168367595911785,0.0,3.748156795880849,4.826439409686135,6.173477024397547,32.727272727272684
FM_F2_5yr_T_Str_A_pM_VS,3667.0,,,,,,9.025928499756743,3.6016286900461214,-0.0,6.885426398511666,8.6240264337975,10.776683927566438,81.42857142857144
FM_F2_5yr_T_Str_L_pM_VS,3667.0,,,,,,4.733361183982957,2.391007335686499,0.0,3.383051412214233,4.368156259248298,5.652834676886482,47.14285714285715
FM_F2_5yr_T_TD_A_pM,3667.0,,,,,,0.2892177648470425,0.2848419443461106,0.0,0.0801068090787717,0.22549326652051369,0.4184324887316609,3.7499999999999996
FM_F2_5yr_T_TD_L_pM,3667.0,,,,,,0.12136988878066031,0.13397454657729013,0.0,0.018206665961959828,0.08836524300441827,0.18084733287522298,1.5789473684210538
FM_F2_5yr_T_TD_A_pM_VS,3667.0,,,,,,0.3021175244531254,0.25467798221068566,0.0,0.13333333333333333,0.2666666666666666,0.40853537036330256,2.857142857142858
FM_F2_5yr_T_TD_L_pM_VS,3667.0,,,,,,0.11590280565964421,0.12871333382611533,0.0,0.028756371354344924,0.0879765395894428,0.15919644989754483,1.6216216216216204
FM_F2_5yr_T_SStr_PCT_OQA,3000.0,,,,,,0.25671204165114037,0.07243467223491254,0.01522058823529411,0.21287398923518924,0.2527224438936959,0.29420741713217047,0.9333333333333335
FM_F2_5yr_T_TD_PCT_OQA,893.0,,,,,,0.3620821977017999,0.17543306187658994,0.025454545454545396,0.24810394265232977,0.33347985347985354,0.4493181818181818,1.0
FM_F1_3yr_T_num_bouts,4883.0,,,,,,3.478804013925865,2.521783677459982,0.0,1.0,3.0,5.0,15.0
FM_F1_3yr_T_SStr_A,4883.0,,,,,,278.1943477370469,273.5788314366468,0.0,63.0,200.0,419.0,1917.0
FM_F1_3yr_T_SStr_L,4883.0,,,,,,119.43784558672947,115.52480033857772,0.0,27.0,90.0,180.0,1009.0
FM_F1_3yr_T_SStr_PCT,4226.0,,,,,,0.44716708116394555,0.11644052295510496,0.0,0.375,0.44057707828894266,0.5108578016186712,1.0
FM_F1_3yr_T_SStr_A_VS,4883.0,,,,,,257.7745238582838,246.41946513240904,0.0,57.5,192.0,397.0,1780.0
FM_F1_3yr_T_SStr_L_VS,4883.0,,,,,,102.76510342002867,97.21288630078676,0.0,23.0,80.0,160.0,679.0
FM_F1_3yr_T_SStr_PCT_VS,4224.0,,,,,,0.4137303715359196,0.1152337435314883,0.0,0.3423100354452813,0.4098360655737705,0.4813948681553455,1.0
FM_F1_3yr_T_SStr_PCT_Def,4224.0,,,,,,0.5862696284640805,0.1152337435314883,0.0,0.5186051318446545,0.5901639344262295,0.6576899645547186,1.0
FM_F1_3yr_T_Str_A,4883.0,,,,,,354.2975629735818,327.662879880366,0.0,93.0,273.0,542.0,2174.0
FM_F1_3yr_T_Str_L,4883.0,,,,,,186.78353471226706,172.45914097090517,0.0,48.0,149.0,282.0,1162.0
FM_F1_3yr_T_Str_PCT,4227.0,,,,,,0.5404998283293766,0.13203476260207295,0.0,0.4549099967855995,0.535,0.6253665632423147,1.0
FM_F1_3yr_T_Str_A_VS,4883.0,,,,,,322.682162604956,286.764898601847,0.0,82.0,257.0,507.0,2086.0
FM_F1_3yr_T_Str_L_VS,4883.0,,,,,,160.30043006348555,140.0318277956846,0.0,41.0,133.0,253.0,986.0
FM_F1_3yr_T_Str_PCT_VS,4225.0,,,,,,0.5126041430537587,0.13326511745920025,0.0,0.42407199100112486,0.5109243697478991,0.5978835978835979,1.0
FM_F1_3yr_T_Str_PCT_Def,4225.0,,,,,,0.4873958569462413,0.13326511745920025,0.0,0.4021164021164021,0.4890756302521009,0.5759280089988752,1.0
FM_F1_3yr_T_TD_A,4883.0,,,,,,10.628916649600656,12.936532408004803,0.0,1.0,6.0,16.0,87.0
FM_F1_3yr_T_TD_L,4883.0,,,,,,4.390129019045669,5.571916402853947,0.0,0.0,2.0,7.0,40.0
FM_F1_3yr_T_TD_PCT,3736.0,,,,,,0.4462270224540347,0.26625971530844234,0.0,0.2727272727272727,0.42857142857142855,0.6,1.0
FM_F1_3yr_T_TD_A_VS,4883.0,,,,,,10.073315584681549,11.267680385332856,0.0,1.0,7.0,15.0,82.0
FM_F1_3yr_T_TD_L_VS,4883.0,,,,,,3.490477165676838,4.356838018929328,0.0,0.0,2.0,5.0,29.0
FM_F1_3yr_T_TD_PCT_VS,3863.0,,,,,,0.37722225641780527,0.2722219864455617,0.0,0.18181818181818182,0.3333333333333333,0.5,1.0
FM_F1_3yr_T_TD_PCT_Def,3863.0,,,,,,0.6227777435821947,0.2722219864455617,0.0,0.5,0.6666666666666667,0.8181818181818181,1.0
FM_F1_3yr_T_SUB_A,4883.0,,,,,,1.7964366168339136,2.8751024774544987,0.0,0.0,1.0,3.0,30.0
FM_F1_3yr_T_Bout_Min,4883.0,,,,,,36.381814458324804,30.199884920448266,0.0,12.283333333333333,30.550000000000004,56.96666666666667,170.0
FM_F1_3yr_T_SStr_A_pM,4232.0,,,,,,7.659139655944322,4.047368006525741,0.0,5.307807717954418,7.0588235294117645,9.27790925029401,81.42857142857171
FM_F1_3yr_T_SStr_L_pM,4232.0,,,,,,3.3962380962642555,2.310464790156115,0.0,2.2650846566701706,3.0927189645973536,4.060321537144411,56.0
FM_F1_3yr_T_SStr_A_pM_VS,4232.0,,,,,,7.122115791660497,3.6215578664406087,0.0,4.818891034368512,6.588262800740283,8.809269348181516,59.999999999999815
FM_F1_3yr_T_SStr_L_pM_VS,4232.0,,,,,,2.9267145914776544,1.8547738230432842,0.0,1.9004349405948224,2.6656075142482503,3.544360880795742,44.99999999999986
FM_F1_3yr_T_Str_A_pM,4232.0,,,,,,9.841663615706635,4.301805711544663,0.0,7.290410202108559,9.271533627042345,11.651447768240754,81.42857142857171
FM_F1_3yr_T_Str_L_pM,4232.0,,,,,,5.323085093693775,2.9441899043042,0.0,3.7369293829543686,4.830267180199977,6.2512487662640215,60.0
FM_F1_3yr_T_Str_A_pM_VS,4232.0,,,,,,9.019522417255065,3.7242919689629255,0.0,6.7543487834976945,8.620293698377427,10.739641688390925,59.999999999999815
FM_F1_3yr_T_Str_L_pM_VS,4232.0,,,,,,4.6047370629490505,2.354808407730526,0.0,3.2692214111922144,4.258914376808068,5.517518190446063,44.99999999999986
FM_F1_3yr_T_TD_A_pM,4232.0,,,,,,0.289078464523934,0.25960329549108285,0.0,0.09497807244880942,0.24020606754436175,0.42301935394040646,2.727272727272728
FM_F1_3yr_T_TD_L_pM,4232.0,,,,,,0.12407827731447442,0.13654025223770347,0.0,0.028378858941068324,0.09469059484323553,0.18108651911468812,2.2222222222222223
FM_F1_3yr_T_TD_A_pM_VS,4232.0,,,,,,0.2849062770879089,0.2509916182743094,0.0,0.12164042736599738,0.2411949438487172,0.3966254993318804,3.75
FM_F1_3yr_T_TD_L_pM_VS,4232.0,,,,,,0.10482641145266222,0.12420774996921773,0.0,0.025212799917517098,0.07559735791945513,0.14584937072998158,2.2222222222222223
FM_F1_3yr_T_SStr_PCT_OQA,3085.0,,,,,,0.26073842255300567,0.07305443971262365,0.03085106382978725,0.21433142912454714,0.2560427535960125,0.30020860519361575,1.0
FM_F1_3yr_T_TD_PCT_OQA,1058.0,,,,,,0.3637301741803978,0.1731334762806712,0.03421052631578947,0.2415837784900285,0.3459564920597695,0.4589656862745098,1.0
FM_F2_3yr_T_num_bouts,4883.0,,,,,,2.6280974810567272,2.4403000897389924,0.0,0.0,2.0,4.0,12.0
FM_F2_3yr_T_SStr_A,4883.0,,,,,,205.0849887364325,243.7078373411455,0.0,0.0,121.0,324.0,1729.0
FM_F2_3yr_T_SStr_L,4883.0,,,,,,88.05078844972353,103.82867806372458,0.0,0.0,53.0,141.0,923.0
FM_F2_3yr_T_SStr_PCT,3631.0,,,,,,0.4415465893776902,0.12029065581879965,0.0,0.37142857142857144,0.43833580980683506,0.5071609242548537,1.0
FM_F2_3yr_T_SStr_A_VS,4883.0,,,,,,191.58140487405285,222.31147456434792,0.0,0.0,112.0,304.0,1565.0
FM_F2_3yr_T_SStr_L_VS,4883.0,,,,,,77.74011877943887,88.83545266785556,0.0,0.0,48.0,121.0,577.0
FM_F2_3yr_T_SStr_PCT_VS,3637.0,,,,,,0.42661382893067296,0.12228943114231129,0.0,0.3520408163265306,0.41743119266055045,0.49291166848418755,1.0
FM_F2_3yr_T_SStr_PCT_Def,3637.0,,,,,,0.5733861710693271,0.12228943114231129,0.0,0.5070883315158125,0.5825688073394495,0.6479591836734694,1.0
FM_F2_3yr_T_Str_A,4883.0,,,,,,262.69567888593076,297.11839663330926,0.0,0.0,165.0,418.5,1816.0
FM_F2_3yr_T_Str_L,4883.0,,,,,,138.9309850501741,157.3796424322472,0.0,0.0,88.0,224.5,1071.0
FM_F2_3yr_T_Str_PCT,3633.0,,,,,,0.5382406386369114,0.13425794245100198,0.0,0.45454545454545453,0.5357142857142857,0.624777183600713,1.0
FM_F2_3yr_T_Str_A_VS,4883.0,,,,,,242.12451361867704,264.2951469127469,0.0,0.0,159.0,392.0,1681.0
FM_F2_3yr_T_Str_L_VS,4883.0,,,,,,122.4534097890641,131.57945290748407,0.0,0.0,84.0,196.0,831.0
FM_F2_3yr_T_Str_PCT_VS,3638.0,,,,,,0.5245508589612118,0.14007170992759177,0.0,0.43335913312693497,0.5211943816534322,0.610210104510749,1.0
FM_F2_3yr_T_Str_PCT_Def,3638.0,,,,,,0.47544914103878816,0.14007170992759174,0.0,0.389789895489251,0.47880561834656776,0.566640866873065,1.0
FM_F2_3yr_T_TD_A,4883.0,,,,,,7.614785992217898,11.230813786102399,0.0,0.0,3.0,11.0,74.0
FM_F2_3yr_T_TD_L,4883.0,,,,,,3.179602703256195,4.983246993678828,0.0,0.0,1.0,5.0,39.0
FM_F2_3yr_T_TD_PCT,3165.0,,,,,,0.4365369795860247,0.2824350619296456,0.0,0.25,0.42857142857142855,0.6,1.0
FM_F2_3yr_T_TD_A_VS,4883.0,,,,,,7.870571370059389,10.323864570071585,0.0,0.0,4.0,12.0,73.0
FM_F2_3yr_T_TD_L_VS,4883.0,,,,,,2.798689330329715,3.963969009673332,0.0,0.0,1.0,4.0,29.0
FM_F2_3yr_T_TD_PCT_VS,3241.0,,,,,,0.39437851153250386,0.2797646467118809,0.0,0.2,0.35714285714285715,0.5454545454545454,1.0
FM_F2_3yr_T_TD_PCT_Def,3241.0,,,,,,0.6056214884674961,0.27976464671188095,0.0,0.4545454545454546,0.6428571428571428,0.8,1.0
FM_F2_3yr_T_SUB_A,4883.0,,,,,,1.3551095637927504,2.4438906268954934,0.0,0.0,0.0,2.0,25.0
FM_F2_3yr_T_Bout_Min,4883.0,,,,,,26.95979589050447,27.827697815119173,-5.329070518200751e-15,0.0,17.316666666666666,45.0,149.05
FM_F2_3yr_T_SStr_A_pM,3647.0,,,,,,7.418072521662712,3.7118827437447597,0.0,5.065956502441189,6.891891891891875,9.240479933114454,62.7272727272728
FM_F2_3yr_T_SStr_L_pM,3647.0,,,,,,3.2578393350362367,1.966632690419136,0.0,2.1353768953856225,3.0,4.065651543401698,30.000000000000036
FM_F2_3yr_T_SStr_A_pM_VS,3647.0,,,,,,7.038583255681279,3.568399553985953,0.0,4.827886662076894,6.550218340611354,8.697162038610607,81.42857142857144
FM_F2_3yr_T_SStr_L_pM_VS,3647.0,,,,,,2.970013653349446,1.8436059492055727,0.0,1.9383488192214835,2.71488072699735,3.6550950238250546,47.14285714285715
FM_F2_3yr_T_Str_A_pM,3647.0,,,,,,9.576666941395027,3.9447410313420033,0.0,7.133333333333333,9.150227617602427,11.579586563307494,62.7272727272728
FM_F2_3yr_T_Str_L_pM,3647.0,,,,,,5.158433148250975,2.5808869733274493,0.0,3.666666666666666,4.8,6.232780484368311,32.727272727272684
FM_F2_3yr_T_Str_A_pM_VS,3647.0,,,,,,9.058366275828794,3.7194075549491514,0.0,6.866402591335704,8.600000000000001,10.867515506899323,81.42857142857144
FM_F2_3yr_T_Str_L_pM_VS,3647.0,,,,,,4.752754310623239,2.4649938282332315,0.0,3.337042475596692,4.373401534526854,5.716593584121856,47.14285714285715
FM_F2_3yr_T_TD_A_pM,3647.0,,,,,,0.2896973122874832,0.2970157568154478,0.0,0.07279793318170777,0.22298911600743299,0.42206317936680915,4.137931034482766
FM_F2_3yr_T_TD_L_pM,3647.0,,,,,,0.12025207970755954,0.13956231662138968,0.0,0.011466948337655738,0.08314855875831485,0.17942122813834724,1.9672131147541
FM_F2_3yr_T_TD_A_pM_VS,3647.0,,,,,,0.298616662805526,0.2587148077248264,0.0,0.12446220532767688,0.25622775800711745,0.4112881818265033,2.857142857142858
FM_F2_3yr_T_TD_L_pM_VS,3647.0,,,,,,0.11463751534110936,0.1308695666210684,0.0,0.022222222222222223,0.0836431226765799,0.1603783436199856,1.6216216216216204
FM_F2_3yr_T_SStr_PCT_OQA,2970.0,,,,,,0.25621725983747395,0.07428892238619478,0.01522058823529411,0.2108549035599594,0.25164276658393814,0.2948870139699687,0.9333333333333335
FM_F2_3yr_T_TD_PCT_OQA,856.0,,,,,,0.3586195189201699,0.1823905838685774,0.025454545454545396,0.235609243697479,0.32918650793650794,0.4591875000000001,1.0
F1_Open,4465.0,,,,,,1.8167361195333303,0.63778281999013,1.04,1.3703703703703702,1.5882352941176472,2.05,6.0
F1_Close_Best,4465.0,,,,,,1.9985241464325973,0.9188147729888941,1.0555555555555556,1.3846153846153846,1.6666666666666665,2.33,10.0
F1_Close_Worst,4465.0,,,,,,1.7826074004758283,0.7015375007160214,1.04,1.3003003003003002,1.5405405405405406,2.05,7.0
F2_Open,4465.0,,,,,,2.5022178293281154,1.054472451119953,1.1333333333333333,1.7142857142857144,2.35,3.0,13.5
F2_Close_Best,4465.0,,,,,,2.9167829731934973,1.5630112465696508,1.1,1.7692307692307692,2.5,3.6,16.0
F2_Close_Worst,4465.0,,,,,,2.474510425085206,1.1179433568638182,1.05,1.62111801242236,2.23,3.0,10.0
B_F1_Bool_Result,5092.0,3.0,1.0,3373.0,,,,,,,,,
B_WClass,4984,12,LW,1032,,,,,,,,,
B_Title,5123.0,,,,,,0.04977552215498731,0.21750207773021799,0.0,0.0,0.0,0.0,1.0
B_Method_Code,5058,5,DEC-U,1747,,,,,,,,,
